Timestamp,Faces,Eyes,Driver_State,FCW_State,System_State,FPS,CPU_Usage
2026-05-11 22:42:31.220319,1,1,ALERT,SAFE,SAFE,2053.01,4.2
2026-05-11 22:42:32.173208,1,0,EYES_CLOSED,SAFE,SAFE,0.38,16.5
2026-05-11 22:42:32.444086,1,0,EYES_CLOSED,SAFE,SAFE,3.41,42.2
2026-05-11 22:42:32.714901,1,1,ALERT,SAFE,SAFE,3.69,43.9
2026-05-11 22:42:32.988805,1,0,EYES_CLOSED,SAFE,SAFE,3.69,44.9
2026-05-11 22:42:33.258258,1,0,EYES_CLOSED,SAFE,SAFE,3.65,45.0
2026-05-11 22:42:33.532429,1,1,ALERT,SAFE,SAFE,3.71,43.4
2026-05-11 22:42:33.798099,1,0,EYES_CLOSED,SAFE,SAFE,3.65,42.1
2026-05-11 22:42:34.060620,1,0,EYES_CLOSED,SAFE,SAFE,3.76,43.8
2026-05-11 22:42:34.304560,1,1,ALERT,SAFE,SAFE,3.81,45.2
2026-05-11 22:42:34.549976,1,1,ALERT,SAFE,SAFE,4.1,47.4
2026-05-11 22:42:34.796371,1,0,EYES_CLOSED,SAFE,SAFE,4.07,44.3
2026-05-11 22:42:35.050153,1,0,EYES_CLOSED,SAFE,SAFE,4.06,48.0
2026-05-11 22:42:35.311027,1,0,EYES_CLOSED,SAFE,SAFE,3.94,43.6
2026-05-11 22:42:35.591754,1,0,EYES_CLOSED,SAFE,SAFE,3.83,46.2
2026-05-11 22:42:35.837878,1,0,EYES_CLOSED,SAFE,SAFE,3.56,48.2
2026-05-11 22:42:36.089199,1,0,EYES_CLOSED,SAFE,SAFE,4.06,47.4
2026-05-11 22:42:36.360542,1,0,EYES_CLOSED,SAFE,SAFE,3.98,46.0
2026-05-11 22:42:36.627583,1,0,EYES_CLOSED,SAFE,SAFE,3.69,42.1
2026-05-11 22:42:36.892638,1,0,DROWSY,SAFE,DANGER,3.74,43.8
2026-05-11 22:42:37.142848,1,0,DROWSY,SAFE,DANGER,3.77,44.8
2026-05-11 22:42:37.394431,1,1,ALERT,SAFE,SAFE,4.0,45.9
2026-05-11 22:42:37.663740,1,0,EYES_CLOSED,SAFE,SAFE,3.98,44.0
2026-05-11 22:42:37.924529,1,0,EYES_CLOSED,SAFE,SAFE,3.71,42.5
2026-05-11 22:42:38.177860,1,0,EYES_CLOSED,SAFE,SAFE,3.83,45.7
2026-05-11 22:42:38.444388,1,1,ALERT,SAFE,SAFE,3.95,45.5
2026-05-11 22:42:38.700445,1,1,ALERT,SAFE,SAFE,3.75,42.5
2026-05-11 22:42:38.942428,1,0,EYES_CLOSED,SAFE,SAFE,3.91,46.1
2026-05-11 22:42:39.195617,1,0,EYES_CLOSED,SAFE,SAFE,4.13,48.5
2026-05-11 22:42:39.450785,1,1,ALERT,SAFE,SAFE,3.95,45.5
2026-05-11 22:42:39.719727,1,1,ALERT,SAFE,SAFE,3.92,45.1
2026-05-11 22:42:40.009081,1,1,ALERT,SAFE,SAFE,3.58,43.2
2026-05-11 22:42:40.280136,1,0,EYES_CLOSED,SAFE,SAFE,3.58,40.7
2026-05-11 22:42:40.552315,1,0,EYES_CLOSED,SAFE,SAFE,3.69,42.5
2026-05-11 22:42:40.819079,1,0,EYES_CLOSED,SAFE,SAFE,3.67,48.2
2026-05-11 22:42:41.086594,1,1,ALERT,SAFE,SAFE,3.75,42.9
2026-05-11 22:42:41.332924,1,0,EYES_CLOSED,SAFE,SAFE,3.74,44.4
2026-05-11 22:42:41.593406,1,0,EYES_CLOSED,SAFE,SAFE,4.06,43.3
2026-05-11 22:42:41.847025,1,0,EYES_CLOSED,SAFE,SAFE,3.84,44.2
2026-05-11 22:42:42.107156,1,0,EYES_CLOSED,SAFE,SAFE,3.94,45.5
2026-05-11 22:42:42.359140,1,0,EYES_CLOSED,SAFE,SAFE,3.84,44.1
2026-05-11 22:42:42.639351,1,0,EYES_CLOSED,SAFE,SAFE,3.97,46.0
2026-05-11 22:42:42.881338,1,0,EYES_CLOSED,SAFE,SAFE,3.57,41.4
2026-05-11 22:42:43.133521,1,1,ALERT,SAFE,SAFE,4.13,47.9
2026-05-11 22:42:43.377939,1,0,EYES_CLOSED,SAFE,SAFE,3.97,41.0
2026-05-11 22:42:43.626725,1,0,EYES_CLOSED,SAFE,SAFE,4.09,44.8
2026-05-11 22:42:43.847014,1,0,EYES_CLOSED,SAFE,SAFE,4.02,42.3
2026-05-11 22:42:44.095699,1,0,EYES_CLOSED,SAFE,SAFE,4.54,44.3
2026-05-11 22:42:44.326648,1,0,EYES_CLOSED,SAFE,SAFE,4.02,39.2
2026-05-11 22:42:44.559142,1,0,EYES_CLOSED,SAFE,SAFE,4.33,41.8
2026-05-11 22:42:44.810038,1,0,EYES_CLOSED,SAFE,SAFE,4.3,44.4
2026-05-11 22:42:45.063523,1,0,EYES_CLOSED,SAFE,SAFE,3.99,44.0
2026-05-11 22:42:45.326243,1,0,EYES_CLOSED,SAFE,SAFE,3.94,45.0
2026-05-11 22:42:45.583905,1,0,DROWSY,SAFE,DANGER,3.81,42.5
2026-05-11 22:42:45.890012,1,0,DROWSY,SAFE,DANGER,3.88,42.0
2026-05-11 22:42:46.118684,1,0,DROWSY,SAFE,DANGER,3.27,51.6
2026-05-11 22:42:46.336153,1,0,DROWSY,SAFE,DANGER,4.37,43.3
2026-05-11 22:42:46.579780,1,0,DROWSY,SAFE,DANGER,4.6,46.0
2026-05-11 22:42:46.788603,1,0,DROWSY,SAFE,DANGER,4.1,42.9
2026-05-11 22:42:46.962543,0,0,NO_FACE,SAFE,SAFE,4.79,41.0
2026-05-11 22:42:47.115042,0,0,NO_FACE,SAFE,SAFE,5.75,26.5
2026-05-11 22:42:47.271670,0,0,NO_FACE,SAFE,SAFE,6.17,28.1
2026-05-11 22:42:47.443991,0,0,NO_FACE,SAFE,SAFE,6.8,22.4
2026-05-11 22:42:47.685737,1,0,DROWSY,SAFE,DANGER,5.8,31.4
2026-05-11 22:42:47.896326,1,0,DROWSY,SAFE,DANGER,4.14,37.9
2026-05-11 22:42:48.073813,1,0,DROWSY,SAFE,DANGER,4.75,39.5
2026-05-11 22:42:48.294211,1,0,DROWSY,SAFE,DANGER,5.63,32.9
2026-05-11 22:42:48.455384,0,0,NO_FACE,SAFE,SAFE,4.54,36.8
2026-05-11 22:42:48.610299,0,0,NO_FACE,SAFE,SAFE,6.2,24.2
2026-05-11 22:42:48.781848,0,0,NO_FACE,SAFE,SAFE,6.46,27.0
2026-05-11 22:42:48.958136,0,0,NO_FACE,SAFE,SAFE,5.83,27.7
2026-05-11 22:42:49.193973,1,0,DROWSY,SAFE,DANGER,5.67,30.0
2026-05-11 22:42:49.400286,1,0,DROWSY,SAFE,DANGER,4.24,39.8
2026-05-11 22:42:49.565235,0,0,NO_FACE,SAFE,SAFE,4.85,35.4
2026-05-11 22:42:49.762639,1,0,DROWSY,SAFE,DANGER,6.06,28.1
2026-05-11 22:42:49.991024,1,0,DROWSY,SAFE,DANGER,5.07,35.4
2026-05-11 22:42:50.195771,1,0,DROWSY,SAFE,DANGER,4.38,36.3
2026-05-11 22:42:50.410561,1,0,DROWSY,SAFE,DANGER,4.88,36.6
2026-05-11 22:42:50.628736,1,0,DROWSY,SAFE,DANGER,4.65,36.5
2026-05-11 22:42:50.876059,1,0,DROWSY,SAFE,DANGER,4.59,36.0
2026-05-11 22:42:51.144012,1,1,ALERT,SAFE,SAFE,4.04,43.9
2026-05-11 22:42:51.390665,1,0,EYES_CLOSED,SAFE,SAFE,3.73,43.5
2026-05-11 22:42:51.620188,1,0,EYES_CLOSED,SAFE,SAFE,4.06,43.9
2026-05-11 22:42:51.860749,1,0,EYES_CLOSED,SAFE,SAFE,4.36,45.7
2026-05-11 22:42:52.108467,1,0,EYES_CLOSED,SAFE,SAFE,4.15,41.7
2026-05-11 22:42:52.352522,1,0,EYES_CLOSED,SAFE,SAFE,4.04,43.3
2026-05-11 22:42:52.615110,1,0,EYES_CLOSED,SAFE,SAFE,4.1,41.8
2026-05-11 22:42:52.853660,1,0,EYES_CLOSED,SAFE,SAFE,3.81,40.2
2026-05-11 22:42:53.108844,1,0,EYES_CLOSED,SAFE,SAFE,4.19,43.2
2026-05-11 22:42:53.372101,1,0,EYES_CLOSED,SAFE,SAFE,3.92,41.6
2026-05-11 22:42:53.650152,1,0,DROWSY,SAFE,DANGER,3.8,46.2
2026-05-11 22:42:53.856198,0,0,NO_FACE,SAFE,SAFE,3.47,42.1
2026-05-11 22:42:54.108487,1,0,DROWSY,SAFE,DANGER,5.1,35.9
2026-05-11 22:42:54.390257,1,0,DROWSY,SAFE,DANGER,3.96,44.0
2026-05-11 22:42:54.656336,1,0,DROWSY,SAFE,DANGER,3.55,45.5
2026-05-11 22:42:54.908726,1,0,DROWSY,SAFE,DANGER,3.76,45.3
2026-05-11 22:42:55.152378,1,0,DROWSY,SAFE,DANGER,3.96,43.4
2026-05-11 22:42:55.387792,1,0,DROWSY,SAFE,DANGER,4.1,38.1
2026-05-11 22:42:55.572970,0,0,NO_FACE,SAFE,SAFE,4.25,40.0
2026-05-11 22:42:55.756356,0,0,NO_FACE,SAFE,SAFE,5.4,34.2
2026-05-11 22:42:55.962108,0,0,NO_FACE,SAFE,SAFE,5.46,30.1
2026-05-11 22:42:56.140272,0,0,NO_FACE,SAFE,SAFE,4.86,32.1
2026-05-11 22:42:56.313801,0,0,NO_FACE,SAFE,SAFE,5.61,34.3
2026-05-11 22:42:56.518127,0,0,NO_FACE,SAFE,SAFE,5.77,33.3
2026-05-11 22:42:56.705989,0,0,NO_FACE,SAFE,SAFE,4.89,32.5
2026-05-11 22:42:56.893177,0,0,NO_FACE,SAFE,SAFE,5.32,28.8
2026-05-11 22:42:57.100611,0,0,NO_FACE,SAFE,SAFE,5.34,31.5
2026-05-11 22:42:57.306149,0,0,NO_FACE,SAFE,SAFE,4.82,32.9
2026-05-11 22:42:57.564535,1,0,DROWSY,SAFE,DANGER,4.86,32.1
2026-05-11 22:42:57.739162,0,0,NO_FACE,SAFE,SAFE,3.87,41.7
2026-05-11 22:42:57.896035,0,0,NO_FACE,SAFE,SAFE,5.73,29.4
2026-05-11 22:42:58.108597,1,0,DROWSY,SAFE,DANGER,6.37,21.3
2026-05-11 22:42:58.378216,1,0,DROWSY,SAFE,DANGER,4.71,41.9
2026-05-11 22:42:58.636385,1,1,ALERT,SAFE,SAFE,3.71,37.5
2026-05-11 22:42:58.899518,1,1,ALERT,SAFE,SAFE,3.87,46.1
2026-05-11 22:42:59.194924,1,1,ALERT,SAFE,SAFE,3.8,44.2
2026-05-11 22:42:59.477256,1,1,ALERT,SAFE,SAFE,3.38,46.6
2026-05-11 22:42:59.792611,1,1,ALERT,SAFE,SAFE,3.54,51.8
2026-05-11 22:43:00.093157,1,0,EYES_CLOSED,SAFE,SAFE,3.17,46.0
2026-05-11 22:43:00.404910,1,0,EYES_CLOSED,SAFE,SAFE,3.33,47.5
2026-05-11 22:43:00.704604,1,0,EYES_CLOSED,SAFE,SAFE,3.21,47.5
2026-05-11 22:43:01.014596,1,0,EYES_CLOSED,SAFE,SAFE,3.22,48.8
2026-05-11 22:43:01.334091,1,1,ALERT,SAFE,SAFE,3.34,51.3
2026-05-11 22:43:01.577072,1,1,ALERT,SAFE,SAFE,3.13,53.9
2026-05-11 22:43:01.872073,1,1,ALERT,SAFE,SAFE,4.12,47.9
2026-05-11 22:43:02.173061,1,1,ALERT,SAFE,SAFE,3.39,50.0
2026-05-11 22:43:02.477162,1,1,ALERT,SAFE,SAFE,3.32,49.6
2026-05-11 22:43:02.780856,1,1,ALERT,SAFE,SAFE,3.29,48.8
2026-05-11 22:43:03.082986,1,0,EYES_CLOSED,SAFE,SAFE,3.29,48.3
2026-05-11 22:43:03.378218,1,1,ALERT,SAFE,SAFE,3.31,52.9
2026-05-11 22:43:03.676748,1,1,ALERT,SAFE,SAFE,3.39,51.3
2026-05-11 22:43:03.970869,1,0,EYES_CLOSED,SAFE,SAFE,3.35,50.0
2026-05-11 22:43:04.253641,1,1,ALERT,SAFE,SAFE,3.4,50.0
2026-05-11 22:43:04.551067,1,1,ALERT,SAFE,SAFE,3.54,53.1
2026-05-11 22:43:04.838441,1,1,ALERT,SAFE,SAFE,3.36,50.0
2026-05-11 22:43:05.126287,1,0,EYES_CLOSED,SAFE,SAFE,3.48,51.3
2026-05-11 22:43:05.414648,1,1,ALERT,SAFE,SAFE,3.47,52.2
2026-05-11 22:43:05.684922,1,1,ALERT,SAFE,SAFE,3.47,50.9
2026-05-11 22:43:05.983506,1,0,EYES_CLOSED,SAFE,SAFE,3.68,53.7
2026-05-11 22:43:06.283435,1,0,EYES_CLOSED,SAFE,SAFE,3.37,50.0
2026-05-11 22:43:06.568770,1,0,EYES_CLOSED,SAFE,SAFE,3.33,49.2
2026-05-11 22:43:06.849553,1,0,EYES_CLOSED,SAFE,SAFE,3.5,49.6
2026-05-11 22:43:07.127250,1,0,EYES_CLOSED,SAFE,SAFE,3.56,50.5
2026-05-11 22:43:07.411311,1,0,EYES_CLOSED,SAFE,SAFE,3.6,52.7
2026-05-11 22:43:07.707372,1,1,ALERT,SAFE,SAFE,3.52,50.9
2026-05-11 22:43:07.998034,1,1,ALERT,SAFE,SAFE,3.38,51.3
2026-05-11 22:43:08.271924,1,1,ALERT,SAFE,SAFE,3.44,50.4
2026-05-11 22:43:08.552532,1,0,EYES_CLOSED,SAFE,SAFE,3.65,53.3
2026-05-11 22:43:08.831532,1,0,EYES_CLOSED,SAFE,SAFE,3.56,52.7
2026-05-11 22:43:09.121051,1,0,EYES_CLOSED,SAFE,SAFE,3.58,51.8
2026-05-11 22:43:09.403875,1,0,EYES_CLOSED,SAFE,SAFE,3.45,50.4
2026-05-11 22:43:09.706784,1,0,EYES_CLOSED,SAFE,SAFE,3.41,51.3
2026-05-11 22:43:10.000905,1,0,EYES_CLOSED,SAFE,SAFE,3.41,49.6
2026-05-11 22:43:10.291466,1,0,EYES_CLOSED,SAFE,SAFE,3.4,50.0
2026-05-11 22:43:10.590718,1,0,DROWSY,SAFE,DANGER,3.44,49.6
2026-05-11 22:43:10.870532,1,0,DROWSY,SAFE,DANGER,3.34,49.6
2026-05-11 22:43:11.126715,1,0,DROWSY,SAFE,DANGER,3.57,52.7
2026-05-11 22:43:11.389132,1,0,DROWSY,SAFE,DANGER,3.9,47.5
2026-05-11 22:43:11.643371,1,0,DROWSY,SAFE,DANGER,3.81,46.2
2026-05-11 22:43:11.915856,1,0,DROWSY,SAFE,DANGER,3.93,46.5
2026-05-11 22:43:12.168766,1,1,ALERT,SAFE,SAFE,3.67,44.0
2026-05-11 22:43:12.419608,1,0,EYES_CLOSED,SAFE,SAFE,3.95,50.5
2026-05-11 22:43:12.683725,1,0,EYES_CLOSED,SAFE,SAFE,3.99,49.5
2026-05-11 22:43:12.923780,1,0,EYES_CLOSED,SAFE,SAFE,3.79,45.7
2026-05-11 22:43:13.086033,0,0,NO_FACE,SAFE,SAFE,4.16,41.2
2026-05-11 22:43:13.240857,0,0,NO_FACE,WARNING,WARNING,6.17,26.6
2026-05-11 22:43:13.407431,0,0,NO_FACE,WARNING,WARNING,6.46,21.3
2026-05-11 22:43:13.571084,0,0,NO_FACE,WARNING,WARNING,6.0,24.6
2026-05-11 22:43:13.737532,0,0,NO_FACE,SAFE,SAFE,6.11,21.5
2026-05-11 22:43:13.898647,0,0,NO_FACE,SAFE,SAFE,6.01,20.0
2026-05-11 22:43:14.063367,0,0,NO_FACE,SAFE,SAFE,6.21,25.0
2026-05-11 22:43:14.216654,0,0,NO_FACE,SAFE,SAFE,6.07,23.1
2026-05-11 22:43:14.382564,0,0,NO_FACE,SAFE,SAFE,6.52,27.9
2026-05-11 22:43:14.547936,0,0,NO_FACE,SAFE,SAFE,6.03,24.6
2026-05-11 22:43:14.713045,0,0,NO_FACE,SAFE,SAFE,6.05,24.6
2026-05-11 22:43:14.864503,0,0,NO_FACE,SAFE,SAFE,6.06,25.4
2026-05-11 22:43:15.030096,0,0,NO_FACE,SAFE,SAFE,6.6,27.9
2026-05-11 22:43:15.185317,0,0,NO_FACE,SAFE,SAFE,6.04,24.6
2026-05-11 22:43:15.353433,0,0,NO_FACE,SAFE,SAFE,6.44,26.2
2026-05-11 22:43:15.522799,0,0,NO_FACE,SAFE,SAFE,5.95,25.8
2026-05-11 22:43:15.696362,0,0,NO_FACE,SAFE,SAFE,5.91,22.7
2026-05-11 22:43:15.861232,0,0,NO_FACE,SAFE,SAFE,5.46,28.4
2026-05-11 22:43:16.030179,0,0,NO_FACE,SAFE,SAFE,6.44,26.7
2026-05-11 22:43:16.202839,0,0,NO_FACE,SAFE,SAFE,5.92,24.2
2026-05-11 22:43:16.416650,0,0,NO_FACE,SAFE,SAFE,5.79,26.5
2026-05-11 22:43:16.582195,0,0,NO_FACE,SAFE,SAFE,4.68,43.5
2026-05-11 22:43:16.749192,0,0,NO_FACE,SAFE,SAFE,6.04,22.2
2026-05-11 22:43:16.919053,0,0,NO_FACE,SAFE,SAFE,5.99,25.8
2026-05-11 22:43:17.088535,0,0,NO_FACE,SAFE,SAFE,5.89,26.5
2026-05-11 22:43:17.248955,0,0,NO_FACE,SAFE,SAFE,5.9,25.4
2026-05-11 22:43:17.417420,0,0,NO_FACE,SAFE,SAFE,6.23,29.2
2026-05-11 22:43:17.573509,0,0,NO_FACE,SAFE,SAFE,5.93,24.6
2026-05-11 22:43:17.741872,0,0,NO_FACE,SAFE,SAFE,6.4,29.0
2026-05-11 22:43:17.910110,0,0,NO_FACE,SAFE,SAFE,5.95,24.2
2026-05-11 22:43:18.105327,1,0,DROWSY,SAFE,DANGER,5.94,24.6
2026-05-11 22:43:18.299631,1,0,DROWSY,SAFE,DANGER,5.12,31.2
2026-05-11 22:43:18.465135,0,0,NO_FACE,SAFE,SAFE,5.15,31.6
2026-05-11 22:43:18.633572,0,0,NO_FACE,SAFE,SAFE,6.04,25.0
2026-05-11 22:43:18.826420,1,0,DROWSY,SAFE,DANGER,5.94,26.5
2026-05-11 22:43:19.021474,1,0,DROWSY,SAFE,DANGER,5.18,32.5
2026-05-11 22:43:19.220494,1,1,ALERT,SAFE,SAFE,5.12,31.6
2026-05-11 22:43:19.429598,1,0,EYES_CLOSED,SAFE,SAFE,5.03,34.6
2026-05-11 22:43:19.691094,1,0,EYES_CLOSED,SAFE,SAFE,4.78,40.2
2026-05-11 22:43:19.935173,1,0,EYES_CLOSED,SAFE,SAFE,3.82,45.2
2026-05-11 22:43:20.175761,1,0,EYES_CLOSED,SAFE,SAFE,4.1,46.9
2026-05-11 22:43:20.378633,1,0,EYES_CLOSED,SAFE,SAFE,4.16,41.8
2026-05-11 22:43:20.595417,1,0,EYES_CLOSED,SAFE,SAFE,4.93,40.0
2026-05-11 22:43:20.812899,1,0,EYES_CLOSED,SAFE,SAFE,4.61,40.2
2026-05-11 22:43:21.037471,1,0,EYES_CLOSED,SAFE,SAFE,4.6,41.9
2026-05-11 22:43:21.260010,1,0,EYES_CLOSED,SAFE,SAFE,4.45,40.4
2026-05-11 22:43:21.527610,1,0,DROWSY,SAFE,DANGER,4.5,40.9
2026-05-11 22:43:21.763689,1,0,DROWSY,SAFE,DANGER,3.61,39.1
2026-05-11 22:43:22.007573,1,0,DROWSY,SAFE,DANGER,4.42,41.1
2026-05-11 22:43:22.244072,1,0,DROWSY,SAFE,DANGER,4.1,38.5
2026-05-11 22:43:22.469295,1,0,DROWSY,SAFE,DANGER,4.23,39.1
2026-05-11 22:43:22.718098,1,0,DROWSY,WARNING,DANGER,4.44,40.7
2026-05-11 22:43:22.966111,1,0,DROWSY,WARNING,DANGER,4.02,37.4
2026-05-11 22:43:23.198340,1,0,DROWSY,SAFE,DANGER,4.03,37.1
2026-05-11 22:43:23.419882,1,0,DROWSY,SAFE,DANGER,4.31,40.4
2026-05-11 22:43:23.653940,1,0,DROWSY,SAFE,DANGER,4.51,43.2
2026-05-11 22:43:23.877575,1,0,DROWSY,SAFE,DANGER,4.27,37.6
2026-05-11 22:43:24.106100,1,0,DROWSY,SAFE,DANGER,4.47,34.5
2026-05-11 22:43:24.325062,1,0,DROWSY,SAFE,DANGER,4.38,40.4
2026-05-11 22:43:24.542321,1,0,DROWSY,SAFE,DANGER,4.57,40.2
2026-05-11 22:43:24.771306,1,0,DROWSY,SAFE,DANGER,4.6,37.6
2026-05-11 22:43:25.024847,1,0,DROWSY,SAFE,DANGER,4.37,43.3
2026-05-11 22:43:25.274098,1,0,DROWSY,SAFE,DANGER,3.94,37.0
2026-05-11 22:43:25.515038,1,0,DROWSY,SAFE,DANGER,4.01,42.9
2026-05-11 22:43:25.740675,1,1,ALERT,SAFE,SAFE,4.16,42.6
2026-05-11 22:43:25.988032,1,0,EYES_CLOSED,SAFE,SAFE,4.43,45.1
2026-05-11 22:43:26.263382,1,0,EYES_CLOSED,SAFE,SAFE,4.04,45.5
2026-05-11 22:43:26.501877,1,0,EYES_CLOSED,SAFE,SAFE,3.63,43.6
2026-05-11 22:43:26.828963,1,2,ALERT,SAFE,SAFE,4.19,48.9
2026-05-11 22:43:27.080227,1,3,ALERT,SAFE,SAFE,3.06,53.8
2026-05-11 22:43:27.339709,1,2,ALERT,SAFE,SAFE,3.98,49.0
2026-05-11 22:43:27.631610,1,2,ALERT,SAFE,SAFE,3.85,48.1
2026-05-11 22:43:27.903770,1,1,ALERT,SAFE,SAFE,3.43,43.1
2026-05-11 22:43:28.187860,1,0,EYES_CLOSED,SAFE,SAFE,3.67,44.0
2026-05-11 22:43:28.466313,1,1,ALERT,SAFE,SAFE,3.52,43.9
2026-05-11 22:43:28.749779,1,1,ALERT,SAFE,SAFE,3.59,43.6
2026-05-11 22:43:29.007605,1,0,EYES_CLOSED,SAFE,SAFE,3.53,44.2
2026-05-11 22:43:29.283057,1,1,ALERT,SAFE,SAFE,3.73,47.6
2026-05-11 22:43:29.544474,1,0,EYES_CLOSED,SAFE,SAFE,3.77,48.1
2026-05-11 22:43:29.810079,1,0,EYES_CLOSED,SAFE,SAFE,3.83,49.0
2026-05-11 22:43:30.063058,1,1,ALERT,SAFE,SAFE,3.76,48.1
2026-05-11 22:43:30.329910,1,1,ALERT,SAFE,SAFE,3.95,48.0
2026-05-11 22:43:30.619188,1,0,EYES_CLOSED,SAFE,SAFE,3.75,44.3
2026-05-11 22:43:30.889781,1,0,EYES_CLOSED,SAFE,SAFE,3.46,44.3
2026-05-11 22:43:31.168031,1,0,EYES_CLOSED,SAFE,SAFE,3.7,48.6
2026-05-11 22:43:31.453539,1,0,EYES_CLOSED,SAFE,SAFE,3.59,46.8
2026-05-11 22:43:31.742926,1,1,ALERT,SAFE,SAFE,3.5,46.5
2026-05-11 22:43:32.019015,1,1,ALERT,SAFE,SAFE,3.46,44.7
2026-05-11 22:43:32.285434,1,0,EYES_CLOSED,SAFE,SAFE,3.62,46.8
2026-05-11 22:43:32.557190,1,1,ALERT,SAFE,SAFE,3.75,50.0
2026-05-11 22:43:32.831812,1,0,EYES_CLOSED,SAFE,SAFE,3.68,47.7
2026-05-11 22:43:33.095725,1,0,EYES_CLOSED,SAFE,SAFE,3.64,47.7
2026-05-11 22:43:33.369581,1,0,EYES_CLOSED,SAFE,SAFE,3.79,50.0
2026-05-11 22:43:33.633326,1,1,ALERT,SAFE,SAFE,3.65,48.1
2026-05-11 22:43:33.918307,1,1,ALERT,SAFE,SAFE,3.8,47.6
2026-05-11 22:43:34.193385,1,0,EYES_CLOSED,SAFE,SAFE,3.51,44.1
2026-05-11 22:43:34.471106,1,1,ALERT,SAFE,SAFE,3.63,46.3
2026-05-11 22:43:34.747130,1,2,ALERT,SAFE,SAFE,3.6,45.0
2026-05-11 22:43:35.009162,1,0,EYES_CLOSED,SAFE,SAFE,3.62,46.8
2026-05-11 22:43:35.297493,1,0,EYES_CLOSED,SAFE,SAFE,3.82,48.1
2026-05-11 22:43:35.561361,1,0,EYES_CLOSED,SAFE,SAFE,3.47,45.1
2026-05-11 22:43:35.830328,1,0,EYES_CLOSED,SAFE,SAFE,3.79,46.2
2026-05-11 22:43:36.091188,1,0,EYES_CLOSED,SAFE,SAFE,3.69,47.7
2026-05-11 22:43:36.368687,1,0,EYES_CLOSED,SAFE,SAFE,3.86,47.6
2026-05-11 22:43:36.637428,1,0,EYES_CLOSED,SAFE,SAFE,3.6,46.4
2026-05-11 22:43:36.910479,1,1,ALERT,SAFE,SAFE,3.72,44.3
2026-05-11 22:43:37.171189,1,1,ALERT,SAFE,SAFE,3.67,45.8
2026-05-11 22:43:37.456093,1,0,EYES_CLOSED,SAFE,SAFE,3.69,46.7
2026-05-11 22:43:37.729880,1,1,ALERT,SAFE,SAFE,3.64,45.4
2026-05-11 22:43:38.000032,1,1,ALERT,SAFE,SAFE,3.65,46.4
2026-05-11 22:43:38.268387,1,0,EYES_CLOSED,SAFE,SAFE,3.7,44.9
2026-05-11 22:43:38.532787,1,0,EYES_CLOSED,SAFE,SAFE,3.72,45.3
2026-05-11 22:43:38.807622,1,0,EYES_CLOSED,SAFE,SAFE,3.78,44.2
2026-05-11 22:43:39.048505,1,0,EYES_CLOSED,SAFE,SAFE,3.64,41.7
2026-05-11 22:43:39.303349,1,0,EYES_CLOSED,SAFE,SAFE,4.15,41.7
2026-05-11 22:43:39.527180,1,0,EYES_CLOSED,SAFE,SAFE,3.93,37.1
2026-05-11 22:43:39.775431,1,0,EYES_CLOSED,SAFE,SAFE,4.47,41.8
2026-05-11 22:43:39.997891,1,0,EYES_CLOSED,SAFE,SAFE,4.03,36.7
2026-05-11 22:43:40.226675,1,0,EYES_CLOSED,SAFE,SAFE,4.5,42.0
2026-05-11 22:43:40.465894,1,0,DROWSY,SAFE,DANGER,4.37,38.2
2026-05-11 22:43:40.711157,1,0,DROWSY,SAFE,DANGER,4.18,37.2
2026-05-11 22:43:40.939239,1,0,DROWSY,SAFE,DANGER,4.08,37.8
2026-05-11 22:43:41.166489,1,0,DROWSY,SAFE,DANGER,4.38,40.0
2026-05-11 22:43:41.383340,1,0,DROWSY,SAFE,DANGER,4.4,41.1
2026-05-11 22:43:41.604639,1,0,DROWSY,SAFE,DANGER,4.61,41.9
2026-05-11 22:43:41.871176,1,0,DROWSY,SAFE,DANGER,4.52,41.6
2026-05-11 22:43:42.106285,1,0,DROWSY,SAFE,DANGER,3.75,39.0
2026-05-11 22:43:42.344362,1,2,ALERT,SAFE,SAFE,4.25,38.0
2026-05-11 22:43:42.561565,1,0,EYES_CLOSED,SAFE,SAFE,4.2,39.6
2026-05-11 22:43:42.780102,1,0,EYES_CLOSED,SAFE,SAFE,4.6,37.2
2026-05-11 22:43:43.033474,1,0,EYES_CLOSED,SAFE,SAFE,4.58,39.1
2026-05-11 22:43:43.285560,1,1,ALERT,SAFE,SAFE,3.95,41.0
2026-05-11 22:43:43.556440,1,0,EYES_CLOSED,SAFE,SAFE,3.97,44.0
2026-05-11 22:43:43.815110,1,1,ALERT,SAFE,SAFE,3.69,45.8
2026-05-11 22:43:44.110324,1,0,EYES_CLOSED,SAFE,SAFE,3.87,45.5
2026-05-11 22:43:44.392824,1,0,EYES_CLOSED,SAFE,SAFE,3.39,47.0
2026-05-11 22:43:44.678508,1,0,EYES_CLOSED,SAFE,SAFE,3.54,45.5
2026-05-11 22:43:44.981785,1,0,EYES_CLOSED,SAFE,SAFE,3.38,47.0
2026-05-11 22:43:45.251303,1,0,EYES_CLOSED,SAFE,SAFE,3.41,43.9
2026-05-11 22:43:45.503793,1,0,EYES_CLOSED,SAFE,SAFE,3.71,45.9
2026-05-11 22:43:45.757769,1,0,EYES_CLOSED,SAFE,SAFE,3.96,44.0
2026-05-11 22:43:46.006762,1,1,ALERT,SAFE,SAFE,3.94,45.0
2026-05-11 22:43:46.252341,1,0,EYES_CLOSED,SAFE,SAFE,4.02,40.2
2026-05-11 22:43:46.485377,1,1,ALERT,SAFE,SAFE,4.07,47.5
2026-05-11 22:43:46.742810,1,0,EYES_CLOSED,SAFE,SAFE,4.29,46.7
2026-05-11 22:43:47.033151,1,0,EYES_CLOSED,SAFE,SAFE,3.88,41.2
2026-05-11 22:43:47.263413,1,0,EYES_CLOSED,SAFE,SAFE,3.44,43.6
2026-05-11 22:43:47.515407,1,0,EYES_CLOSED,SAFE,SAFE,4.34,43.3
2026-05-11 22:43:47.747470,1,1,ALERT,SAFE,SAFE,3.97,40.0
2026-05-11 22:43:47.984168,1,0,EYES_CLOSED,SAFE,SAFE,4.31,43.0
2026-05-11 22:43:48.249424,1,0,EYES_CLOSED,SAFE,SAFE,4.23,44.1
2026-05-11 22:43:48.488417,1,1,ALERT,SAFE,SAFE,3.77,42.1
2026-05-11 22:43:48.747718,1,0,EYES_CLOSED,SAFE,SAFE,4.18,44.1
2026-05-11 22:43:49.011842,1,0,EYES_CLOSED,SAFE,SAFE,3.86,42.7
2026-05-11 22:43:49.267866,1,0,EYES_CLOSED,SAFE,SAFE,3.79,45.2
2026-05-11 22:43:49.524465,1,0,EYES_CLOSED,SAFE,SAFE,3.9,49.0
2026-05-11 22:43:49.792168,1,0,EYES_CLOSED,SAFE,SAFE,3.9,47.5
2026-05-11 22:43:50.045934,1,0,EYES_CLOSED,SAFE,SAFE,3.74,45.3
2026-05-11 22:43:50.313252,1,0,EYES_CLOSED,SAFE,SAFE,3.94,46.0
2026-05-11 22:43:50.577293,1,0,EYES_CLOSED,SAFE,SAFE,3.74,46.2
2026-05-11 22:43:50.838939,1,1,ALERT,SAFE,SAFE,3.79,45.2
2026-05-11 22:43:51.100462,1,0,EYES_CLOSED,SAFE,SAFE,3.82,45.6
2026-05-11 22:43:51.375591,1,0,EYES_CLOSED,SAFE,SAFE,3.82,49.5
2026-05-11 22:43:51.647208,1,0,EYES_CLOSED,SAFE,SAFE,3.63,43.5
2026-05-11 22:43:51.902891,1,0,EYES_CLOSED,SAFE,SAFE,3.68,45.9
2026-05-11 22:43:52.183806,1,0,EYES_CLOSED,SAFE,SAFE,3.91,48.5
2026-05-11 22:43:52.432348,1,0,EYES_CLOSED,SAFE,SAFE,3.56,52.7
2026-05-11 22:43:52.704841,1,0,EYES_CLOSED,SAFE,SAFE,3.87,48.5
2026-05-11 22:43:52.957685,1,0,EYES_CLOSED,SAFE,SAFE,3.81,45.6
2026-05-11 22:43:53.213337,1,0,DROWSY,SAFE,DANGER,3.96,49.0
2026-05-11 22:43:53.456774,1,0,DROWSY,SAFE,DANGER,3.91,48.0
2026-05-11 22:43:53.691385,1,1,ALERT,SAFE,SAFE,4.11,49.0
2026-05-11 22:43:53.939332,1,0,EYES_CLOSED,SAFE,SAFE,4.26,44.6
2026-05-11 22:43:54.184917,1,0,EYES_CLOSED,SAFE,SAFE,4.03,46.5
2026-05-11 22:43:54.430750,1,1,ALERT,SAFE,SAFE,4.07,45.9
2026-05-11 22:43:54.665180,1,1,ALERT,SAFE,SAFE,4.07,43.8
2026-05-11 22:43:54.923083,1,0,EYES_CLOSED,SAFE,SAFE,4.26,43.0
2026-05-11 22:43:55.181623,1,0,EYES_CLOSED,SAFE,SAFE,3.88,43.1
2026-05-11 22:43:55.441236,1,0,EYES_CLOSED,SAFE,SAFE,3.87,43.7
2026-05-11 22:43:55.685123,1,0,EYES_CLOSED,SAFE,SAFE,3.85,42.2
2026-05-11 22:43:55.934591,1,0,EYES_CLOSED,SAFE,SAFE,4.1,46.9
2026-05-11 22:43:56.178306,1,0,EYES_CLOSED,SAFE,SAFE,4.01,45.5
2026-05-11 22:43:56.448553,1,1,ALERT,SAFE,SAFE,4.1,47.4
2026-05-11 22:43:56.698080,1,0,EYES_CLOSED,SAFE,SAFE,3.7,40.6
2026-05-11 22:43:56.966273,1,0,EYES_CLOSED,SAFE,SAFE,4.01,44.9
2026-05-11 22:43:57.263340,1,0,EYES_CLOSED,SAFE,SAFE,3.73,42.9
2026-05-11 22:43:57.500821,1,0,EYES_CLOSED,SAFE,SAFE,3.37,45.3
2026-05-11 22:43:57.764758,1,0,EYES_CLOSED,SAFE,SAFE,4.21,41.1
2026-05-11 22:43:58.017305,1,0,EYES_CLOSED,SAFE,SAFE,3.79,39.8
2026-05-11 22:43:58.276045,1,0,EYES_CLOSED,SAFE,SAFE,3.96,43.4
2026-05-11 22:43:58.506110,1,0,EYES_CLOSED,SAFE,SAFE,3.86,41.7
2026-05-11 22:43:58.746786,1,0,DROWSY,SAFE,DANGER,4.35,45.7
2026-05-11 22:43:58.988534,1,0,DROWSY,SAFE,DANGER,4.15,43.2
2026-05-11 22:43:59.226944,1,0,DROWSY,SAFE,DANGER,4.14,43.8
2026-05-11 22:43:59.463770,1,0,DROWSY,SAFE,DANGER,4.19,45.3
2026-05-11 22:43:59.727561,1,0,DROWSY,SAFE,DANGER,4.22,45.7
2026-05-11 22:43:59.961728,1,0,DROWSY,SAFE,DANGER,3.79,41.0
2026-05-11 22:44:00.281294,1,0,DROWSY,SAFE,DANGER,3.36,38.5
2026-05-11 22:44:00.549801,1,0,DROWSY,SAFE,DANGER,3.9,43.1
2026-05-11 22:44:00.791499,1,0,DROWSY,SAFE,DANGER,3.72,41.5
2026-05-11 22:44:01.062396,1,0,DROWSY,SAFE,DANGER,4.14,45.3
2026-05-11 22:44:01.317236,1,0,DROWSY,SAFE,DANGER,3.69,42.1
2026-05-11 22:44:01.580923,1,0,DROWSY,SAFE,DANGER,3.93,43.6
2026-05-11 22:44:01.838842,1,0,DROWSY,SAFE,DANGER,3.79,42.3
2026-05-11 22:44:02.085758,1,0,DROWSY,SAFE,DANGER,3.88,43.7
2026-05-11 22:44:02.371712,1,1,ALERT,SAFE,SAFE,4.05,43.8
2026-05-11 22:44:02.626459,1,1,ALERT,SAFE,SAFE,3.5,37.5
2026-05-11 22:44:02.853880,1,1,ALERT,SAFE,SAFE,3.93,38.0
2026-05-11 22:44:03.091992,1,0,EYES_CLOSED,SAFE,SAFE,4.4,41.6
2026-05-11 22:44:03.321838,1,0,EYES_CLOSED,SAFE,SAFE,4.2,45.2
2026-05-11 22:44:03.545322,1,0,EYES_CLOSED,SAFE,SAFE,4.35,43.0
2026-05-11 22:44:03.772358,1,0,EYES_CLOSED,SAFE,SAFE,4.47,41.6
2026-05-11 22:44:03.989083,1,0,EYES_CLOSED,SAFE,SAFE,4.4,39.6
2026-05-11 22:44:04.212467,1,0,EYES_CLOSED,SAFE,SAFE,4.61,40.7
2026-05-11 22:44:04.433229,1,0,EYES_CLOSED,SAFE,SAFE,4.48,39.8
2026-05-11 22:44:04.648042,1,0,EYES_CLOSED,SAFE,SAFE,4.53,36.5
2026-05-11 22:44:04.865846,1,0,EYES_CLOSED,SAFE,SAFE,4.65,40.0
2026-05-11 22:44:05.086286,1,0,EYES_CLOSED,SAFE,SAFE,4.59,40.2
2026-05-11 22:44:05.303811,1,0,DROWSY,SAFE,DANGER,4.54,38.4
2026-05-11 22:44:05.502780,1,0,DROWSY,SAFE,DANGER,4.59,40.2
2026-05-11 22:44:05.735282,1,0,DROWSY,SAFE,DANGER,5.03,37.2
2026-05-11 22:44:05.954598,1,0,DROWSY,SAFE,DANGER,4.3,40.7
2026-05-11 22:44:06.179491,1,0,DROWSY,SAFE,DANGER,4.56,41.2
2026-05-11 22:44:06.381727,1,0,DROWSY,SAFE,DANGER,4.45,42.2
2026-05-11 22:44:06.598653,1,0,DROWSY,SAFE,DANGER,4.94,38.3
2026-05-11 22:44:06.767867,0,0,NO_FACE,SAFE,SAFE,4.61,37.9
2026-05-11 22:44:06.950671,0,0,NO_FACE,SAFE,SAFE,5.91,30.3
2026-05-11 22:44:07.153679,0,0,NO_FACE,SAFE,SAFE,5.12,32.1
2026-05-11 22:44:07.327180,0,0,NO_FACE,SAFE,SAFE,5.25,30.7
2026-05-11 22:44:07.466577,0,0,NO_FACE,SAFE,SAFE,5.76,26.9
2026-05-11 22:44:07.608746,0,0,NO_FACE,SAFE,SAFE,7.17,23.2
2026-05-11 22:44:07.757049,0,0,NO_FACE,SAFE,SAFE,7.04,21.4
2026-05-11 22:44:07.968057,1,0,DROWSY,SAFE,DANGER,6.74,22.8
2026-05-11 22:44:08.228060,1,0,DROWSY,SAFE,DANGER,4.74,42.2
2026-05-11 22:44:08.504560,1,0,DROWSY,SAFE,DANGER,3.85,45.7
2026-05-11 22:44:08.771089,1,1,ALERT,SAFE,SAFE,3.62,45.0
2026-05-11 22:44:09.034773,1,0,EYES_CLOSED,SAFE,SAFE,3.75,45.2
2026-05-11 22:44:09.281667,1,0,EYES_CLOSED,SAFE,SAFE,3.79,46.2
2026-05-11 22:44:09.539256,1,1,ALERT,SAFE,SAFE,4.05,46.5
2026-05-11 22:44:09.824210,1,0,EYES_CLOSED,SAFE,SAFE,3.88,43.6
2026-05-11 22:44:10.078395,1,0,EYES_CLOSED,SAFE,SAFE,3.51,41.2
2026-05-11 22:44:10.355415,1,2,ALERT,SAFE,SAFE,3.93,45.5
2026-05-11 22:44:10.604569,1,0,EYES_CLOSED,SAFE,SAFE,3.61,43.6
2026-05-11 22:44:10.856727,1,0,EYES_CLOSED,SAFE,SAFE,4.01,42.9
2026-05-11 22:44:11.116283,1,0,EYES_CLOSED,SAFE,SAFE,3.97,43.4
2026-05-11 22:44:11.357155,1,0,EYES_CLOSED,SAFE,SAFE,3.85,44.8
2026-05-11 22:44:11.602880,1,0,EYES_CLOSED,SAFE,SAFE,4.15,42.7
2026-05-11 22:44:11.851367,1,0,EYES_CLOSED,SAFE,SAFE,4.07,43.9
2026-05-11 22:44:12.109239,1,0,EYES_CLOSED,SAFE,SAFE,4.03,45.0
2026-05-11 22:44:12.372489,1,0,EYES_CLOSED,SAFE,SAFE,3.88,46.1
2026-05-11 22:44:12.655804,1,0,DROWSY,SAFE,DANGER,3.8,48.1
2026-05-11 22:44:12.915223,1,0,DROWSY,SAFE,DANGER,3.53,47.7
2026-05-11 22:44:13.187051,1,0,DROWSY,SAFE,DANGER,3.86,43.7
2026-05-11 22:44:13.443891,1,0,DROWSY,SAFE,DANGER,3.68,43.5
2026-05-11 22:44:13.679684,1,0,DROWSY,SAFE,DANGER,3.89,45.6
2026-05-11 22:44:13.942018,2,0,DROWSY,SAFE,DANGER,4.24,45.2
2026-05-11 22:44:14.200960,1,0,DROWSY,SAFE,DANGER,3.81,45.2
2026-05-11 22:44:14.480378,1,0,DROWSY,SAFE,DANGER,3.67,42.5
2026-05-11 22:44:14.725109,1,0,DROWSY,SAFE,DANGER,3.77,43.9
2026-05-11 22:44:14.985591,1,0,DROWSY,SAFE,DANGER,4.09,45.3
2026-05-11 22:44:15.268778,1,0,DROWSY,SAFE,DANGER,3.84,43.7
2026-05-11 22:44:15.547714,1,0,DROWSY,SAFE,DANGER,3.53,41.4
2026-05-11 22:44:15.803308,1,0,DROWSY,SAFE,DANGER,3.59,43.1
2026-05-11 22:44:16.072797,1,0,DROWSY,SAFE,DANGER,3.91,48.0
2026-05-11 22:44:16.346457,1,0,DROWSY,SAFE,DANGER,3.71,45.8
2026-05-11 22:44:16.610455,1,0,DROWSY,SAFE,DANGER,3.65,46.7
2026-05-11 22:44:16.803729,0,0,NO_FACE,SAFE,SAFE,3.79,47.2
2026-05-11 22:44:17.039071,1,1,ALERT,SAFE,SAFE,5.17,33.3
2026-05-11 22:44:17.241180,0,0,NO_FACE,SAFE,SAFE,4.25,44.0
2026-05-11 22:44:17.433939,0,0,NO_FACE,SAFE,SAFE,4.95,37.0
2026-05-11 22:44:17.667059,0,0,NO_FACE,SAFE,SAFE,5.19,37.7
2026-05-11 22:44:17.864537,0,0,NO_FACE,SAFE,SAFE,4.29,42.4
2026-05-11 22:44:18.122887,1,1,ALERT,SAFE,SAFE,5.06,34.6
2026-05-11 22:44:18.358711,1,0,EYES_CLOSED,SAFE,SAFE,3.87,48.0
2026-05-11 22:44:18.621794,1,0,EYES_CLOSED,SAFE,SAFE,4.24,45.7
2026-05-11 22:44:18.862062,1,0,EYES_CLOSED,SAFE,SAFE,3.8,43.8
2026-05-11 22:44:19.119737,1,0,EYES_CLOSED,SAFE,SAFE,4.16,44.1
2026-05-11 22:44:19.372335,1,0,EYES_CLOSED,SAFE,SAFE,3.88,44.6
2026-05-11 22:44:19.624588,1,0,EYES_CLOSED,SAFE,SAFE,3.96,47.5
2026-05-11 22:44:19.865750,1,0,EYES_CLOSED,SAFE,SAFE,3.96,46.5
2026-05-11 22:44:20.118640,1,0,EYES_CLOSED,SAFE,SAFE,4.15,47.9
2026-05-11 22:44:20.380720,1,0,DROWSY,SAFE,DANGER,3.95,46.5
2026-05-11 22:44:20.644884,1,1,ALERT,SAFE,SAFE,3.82,46.2
2026-05-11 22:44:20.927744,1,0,EYES_CLOSED,SAFE,SAFE,3.79,47.1
2026-05-11 22:44:21.200392,1,0,EYES_CLOSED,SAFE,SAFE,3.54,44.1
2026-05-11 22:44:21.477306,1,0,EYES_CLOSED,SAFE,SAFE,3.67,46.8
2026-05-11 22:44:21.745566,1,1,ALERT,SAFE,SAFE,3.61,47.3
2026-05-11 22:44:22.015175,1,0,EYES_CLOSED,SAFE,SAFE,3.6,46.4
2026-05-11 22:44:22.291791,1,0,EYES_CLOSED,SAFE,SAFE,3.85,49.5
2026-05-11 22:44:22.554575,1,0,EYES_CLOSED,SAFE,SAFE,3.61,45.9
2026-05-11 22:44:22.851097,1,0,EYES_CLOSED,SAFE,SAFE,3.81,50.0
2026-05-11 22:44:23.118871,1,0,EYES_CLOSED,SAFE,SAFE,3.37,48.3
2026-05-11 22:44:23.396793,1,0,EYES_CLOSED,SAFE,SAFE,3.73,47.6
2026-05-11 22:44:23.654537,1,1,ALERT,SAFE,SAFE,3.6,44.5
2026-05-11 22:44:23.930443,1,0,EYES_CLOSED,SAFE,SAFE,3.88,48.5
2026-05-11 22:44:24.183462,1,1,ALERT,SAFE,SAFE,3.63,45.9
2026-05-11 22:44:24.459652,1,0,EYES_CLOSED,SAFE,SAFE,3.95,50.5
2026-05-11 22:44:24.730362,1,0,EYES_CLOSED,SAFE,SAFE,3.62,45.9
2026-05-11 22:44:25.009895,1,0,EYES_CLOSED,SAFE,SAFE,3.69,45.4
2026-05-11 22:44:25.262896,1,0,EYES_CLOSED,SAFE,SAFE,3.57,44.1
2026-05-11 22:44:25.536708,1,0,EYES_CLOSED,SAFE,SAFE,3.96,48.0
2026-05-11 22:44:25.826827,1,0,EYES_CLOSED,SAFE,SAFE,3.65,44.5
2026-05-11 22:44:26.078846,1,0,EYES_CLOSED,SAFE,SAFE,3.45,40.7
2026-05-11 22:44:26.352507,1,0,EYES_CLOSED,SAFE,SAFE,3.96,48.5
2026-05-11 22:44:26.644517,1,0,DROWSY,SAFE,DANGER,3.66,41.8
2026-05-11 22:44:26.900865,1,1,ALERT,SAFE,SAFE,3.42,42.2
2026-05-11 22:44:27.173966,1,0,EYES_CLOSED,SAFE,SAFE,3.9,48.0
2026-05-11 22:44:27.436779,1,1,ALERT,SAFE,SAFE,3.66,44.9
2026-05-11 22:44:27.694581,1,0,EYES_CLOSED,SAFE,SAFE,3.8,46.2
2026-05-11 22:44:27.979174,1,0,EYES_CLOSED,SAFE,SAFE,3.88,46.5
2026-05-11 22:44:28.245250,1,0,EYES_CLOSED,SAFE,SAFE,3.51,43.4
2026-05-11 22:44:28.518026,1,0,EYES_CLOSED,SAFE,SAFE,3.76,48.1
2026-05-11 22:44:28.805936,1,1,ALERT,SAFE,SAFE,3.67,43.9
2026-05-11 22:44:29.076818,1,1,ALERT,SAFE,SAFE,3.47,43.5
2026-05-11 22:44:29.339675,1,1,ALERT,SAFE,SAFE,3.69,45.7
2026-05-11 22:44:29.615226,1,1,ALERT,SAFE,SAFE,3.8,48.1
2026-05-11 22:44:29.899294,1,1,ALERT,SAFE,SAFE,3.63,45.0
2026-05-11 22:44:30.179145,1,1,ALERT,SAFE,SAFE,3.4,43.2
2026-05-11 22:44:30.474999,1,0,EYES_CLOSED,SAFE,SAFE,3.7,46.7
2026-05-11 22:44:30.746888,1,0,EYES_CLOSED,SAFE,SAFE,3.38,41.0
2026-05-11 22:44:31.013173,1,0,EYES_CLOSED,SAFE,SAFE,3.68,44.9
2026-05-11 22:44:31.287739,1,0,EYES_CLOSED,SAFE,SAFE,3.76,45.3
2026-05-11 22:44:31.580756,1,0,EYES_CLOSED,SAFE,SAFE,3.64,44.9
2026-05-11 22:44:31.838309,1,0,EYES_CLOSED,SAFE,SAFE,3.41,42.7
2026-05-11 22:44:32.103430,1,0,EYES_CLOSED,SAFE,SAFE,3.88,47.1
2026-05-11 22:44:32.397557,1,0,EYES_CLOSED,SAFE,SAFE,3.77,46.2
2026-05-11 22:44:32.676496,1,0,DROWSY,SAFE,DANGER,3.4,43.6
2026-05-11 22:44:32.996103,1,0,DROWSY,SAFE,DANGER,3.58,44.6
2026-05-11 22:44:33.279696,1,1,ALERT,SAFE,SAFE,3.13,46.5
2026-05-11 22:44:33.559844,1,0,EYES_CLOSED,SAFE,SAFE,3.53,43.6
2026-05-11 22:44:33.819251,1,0,EYES_CLOSED,SAFE,SAFE,3.57,43.7
2026-05-11 22:44:34.080823,1,0,EYES_CLOSED,WARNING,WARNING,3.85,48.1
2026-05-11 22:44:34.359413,1,0,EYES_CLOSED,WARNING,WARNING,3.82,48.6
2026-05-11 22:44:34.629239,1,0,EYES_CLOSED,SAFE,SAFE,3.59,43.1
2026-05-11 22:44:34.913876,1,0,EYES_CLOSED,SAFE,SAFE,3.71,45.8
2026-05-11 22:44:35.197381,1,0,EYES_CLOSED,SAFE,SAFE,3.51,42.5
2026-05-11 22:44:35.476077,1,0,EYES_CLOSED,SAFE,SAFE,3.53,43.7
2026-05-11 22:44:35.744596,1,0,DROWSY,SAFE,DANGER,3.59,43.2
2026-05-11 22:44:36.030963,1,0,DROWSY,SAFE,DANGER,3.72,45.8
2026-05-11 22:44:36.294581,1,0,DROWSY,SAFE,DANGER,3.49,42.0
2026-05-11 22:44:36.574449,1,0,DROWSY,SAFE,DANGER,3.79,46.2
2026-05-11 22:44:36.833137,1,0,DROWSY,SAFE,DANGER,3.57,42.2
2026-05-11 22:44:37.092368,1,0,DROWSY,SAFE,DANGER,3.87,45.1
2026-05-11 22:44:37.361952,1,0,DROWSY,SAFE,DANGER,3.86,46.6
2026-05-11 22:44:37.654702,1,1,ALERT,SAFE,SAFE,3.71,45.8
2026-05-11 22:44:37.959549,1,1,ALERT,SAFE,SAFE,3.42,43.1
2026-05-11 22:44:38.235807,1,1,ALERT,SAFE,SAFE,3.28,48.8
2026-05-11 22:44:38.539335,1,1,ALERT,SAFE,SAFE,3.5,46.1
2026-05-11 22:44:38.839776,1,1,ALERT,SAFE,SAFE,3.4,42.6
2026-05-11 22:44:39.117497,1,1,ALERT,SAFE,SAFE,3.33,42.5
2026-05-11 22:44:39.380688,1,0,EYES_CLOSED,SAFE,SAFE,3.6,45.5
2026-05-11 22:44:39.663748,1,0,EYES_CLOSED,SAFE,SAFE,3.8,47.1
2026-05-11 22:44:39.931772,1,0,EYES_CLOSED,SAFE,SAFE,3.53,43.4
2026-05-11 22:44:40.212835,1,0,EYES_CLOSED,SAFE,SAFE,3.73,45.8
2026-05-11 22:44:40.495259,1,0,EYES_CLOSED,SAFE,SAFE,3.56,44.6
2026-05-11 22:44:40.781200,1,0,EYES_CLOSED,SAFE,SAFE,3.54,42.3
2026-05-11 22:44:41.035529,1,0,EYES_CLOSED,SAFE,SAFE,3.5,42.5
2026-05-11 22:44:41.308568,1,0,EYES_CLOSED,SAFE,SAFE,3.93,47.5
2026-05-11 22:44:41.589442,1,0,DROWSY,SAFE,DANGER,3.66,44.9
2026-05-11 22:44:41.845642,1,0,DROWSY,SAFE,DANGER,3.56,41.8
2026-05-11 22:44:42.122457,1,0,DROWSY,SAFE,DANGER,3.9,46.5
2026-05-11 22:44:42.397864,1,0,DROWSY,SAFE,DANGER,3.61,44.5
2026-05-11 22:44:42.655189,1,0,DROWSY,SAFE,DANGER,3.63,43.6
2026-05-11 22:44:42.929670,1,0,DROWSY,SAFE,DANGER,3.89,45.5
2026-05-11 22:44:43.211221,1,0,DROWSY,SAFE,DANGER,3.64,42.6
2026-05-11 22:44:43.471750,1,0,DROWSY,SAFE,DANGER,3.55,45.9
2026-05-11 22:44:43.718423,1,0,DROWSY,SAFE,DANGER,3.84,46.2
2026-05-11 22:44:44.000811,1,0,DROWSY,SAFE,DANGER,4.05,48.5
2026-05-11 22:44:44.266596,1,0,DROWSY,SAFE,DANGER,3.54,42.5
2026-05-11 22:44:44.516810,1,0,DROWSY,SAFE,DANGER,3.76,44.2
2026-05-11 22:44:44.768024,1,0,DROWSY,SAFE,DANGER,4.0,47.0
2026-05-11 22:44:45.043944,1,0,DROWSY,SAFE,DANGER,3.97,46.5
2026-05-11 22:44:45.318976,1,0,DROWSY,SAFE,DANGER,3.63,45.5
2026-05-11 22:44:45.603575,1,0,DROWSY,SAFE,DANGER,3.64,45.0
2026-05-11 22:44:45.871318,1,1,ALERT,SAFE,SAFE,3.51,43.9
2026-05-11 22:44:46.161309,1,1,ALERT,SAFE,SAFE,3.73,45.3
2026-05-11 22:44:46.439709,1,1,ALERT,SAFE,SAFE,3.45,44.0
2026-05-11 22:44:46.743826,1,1,ALERT,SAFE,SAFE,3.47,44.7
2026-05-11 22:44:47.018900,1,1,ALERT,SAFE,SAFE,3.4,42.6
2026-05-11 22:44:47.296733,1,0,EYES_CLOSED,SAFE,SAFE,3.64,45.4
2026-05-11 22:44:47.560798,1,2,ALERT,SAFE,SAFE,3.6,45.9
2026-05-11 22:44:47.836676,1,0,EYES_CLOSED,SAFE,SAFE,3.79,46.7
2026-05-11 22:44:48.107101,1,1,ALERT,SAFE,SAFE,3.62,45.4
2026-05-11 22:44:48.439062,1,1,ALERT,WARNING,WARNING,3.7,45.8
2026-05-11 22:44:48.716989,1,0,EYES_CLOSED,WARNING,WARNING,3.01,49.6
2026-05-11 22:44:49.011149,1,1,ALERT,WARNING,WARNING,3.6,45.0
2026-05-11 22:44:49.292385,1,0,EYES_CLOSED,WARNING,WARNING,3.4,42.2
2026-05-11 22:44:49.576044,1,1,ALERT,WARNING,WARNING,3.56,44.1
2026-05-11 22:44:49.854653,1,1,ALERT,WARNING,WARNING,3.52,44.2
2026-05-11 22:44:50.126693,1,1,ALERT,WARNING,WARNING,3.6,45.0
2026-05-11 22:44:50.414184,1,1,ALERT,WARNING,WARNING,3.68,45.9
2026-05-11 22:44:50.688339,1,1,ALERT,WARNING,WARNING,3.48,43.4
2026-05-11 22:44:50.968058,1,0,EYES_CLOSED,WARNING,WARNING,3.65,44.4
2026-05-11 22:44:51.235349,1,0,EYES_CLOSED,WARNING,WARNING,3.57,42.9
2026-05-11 22:44:51.514907,1,0,EYES_CLOSED,WARNING,WARNING,3.74,48.1
2026-05-11 22:44:51.777783,1,0,EYES_CLOSED,WARNING,WARNING,3.58,45.9
2026-05-11 22:44:52.072173,1,1,ALERT,DANGER,DANGER,3.8,47.6
2026-05-11 22:44:52.351430,1,1,ALERT,DANGER,DANGER,3.4,43.6
2026-05-11 22:44:52.622139,1,0,EYES_CLOSED,DANGER,DANGER,3.58,44.6
2026-05-11 22:44:52.897694,1,0,EYES_CLOSED,DANGER,DANGER,3.69,45.4
2026-05-11 22:44:53.168596,1,0,EYES_CLOSED,DANGER,DANGER,3.63,43.5
2026-05-11 22:44:53.436245,1,0,EYES_CLOSED,DANGER,DANGER,3.69,47.2
2026-05-11 22:44:53.711792,1,0,EYES_CLOSED,DANGER,DANGER,3.74,43.0
2026-05-11 22:44:53.972075,1,0,EYES_CLOSED,DANGER,DANGER,3.63,45.0
2026-05-11 22:44:54.240107,1,0,EYES_CLOSED,DANGER,DANGER,3.84,45.6
2026-05-11 22:44:54.529297,1,0,EYES_CLOSED,DANGER,DANGER,3.73,45.7
2026-05-11 22:44:54.824589,1,1,ALERT,DANGER,DANGER,3.46,42.6
2026-05-11 22:44:55.118095,1,1,ALERT,SAFE,SAFE,3.28,42.5
2026-05-11 22:44:55.393483,1,1,ALERT,SAFE,SAFE,3.52,43.2
2026-05-11 22:44:55.671143,1,0,EYES_CLOSED,SAFE,SAFE,3.63,47.3
